"","Lab.No","SNP","SSR1","SSR2","SSR3","Haplotype","File.Names"
"1","192","A",10,5,7,"A_10_5_7","cp132_DIPcom_192_DIPissObe_ThF"
"2","202","A",10,5,7,"A_10_5_7","cp069_DIPcom_202_DIPcom3_ByF"
"3","203","A",10,5,7,"A_10_5_7","cp070_DIPcom_203_DIPcom4_ByF"
"4","204","A",10,5,7,"A_10_5_7","cp067_DIPcom_204_DIPcom1_ByF"
"5","205","A",10,5,7,"A_10_5_7","cp068_DIPcom_205_DIPcom2_ByF"
"6","225","A",10,5,7,"A_10_5_7","cp125_DIPcom_225_DIPcomLic_ThF"
"7","250","A",10,5,7,"A_10_5_7","cp126_DIPcom_250_DIPcomWel1O_ThF"
"8","252","A",10,5,7,"A_10_5_7","cp127_DIPcom_252_DIPcomWel1W_ThF"
"9","254","A",9,5,8,"A_9_5_8","cp128_DIPcom_254_DIPcomWel2_ThF"
"10","255","A",10,5,7,"A_10_5_7","cp129_DIPcom_255_DIPcomWel3_ThF"
"11","256","A",10,5,7,"A_10_5_7","cp130_DIPcom_256_DIPcomWel4_ThF"
"12","257","A",10,5,7,"A_10_5_7","cp131_DIPcom_257_DIPcomWel5_ThF"
"13","262","A",13,3,4,"A_13_3_4","cp084_DIPcom_262_DIPcomH15/15_Har"
"14","263","A",10,5,7,"A_10_5_7","cp085_DIPcom_263_DIPcomH15/18_Har"
"15","264","A",10,5,7,"A_10_5_7","264_DIPcom_264_DIPcom_264_cpSSR_atpB-R_AKlahr_rc_edit.ab1"
"16","265","A",10,5,7,"A_10_5_7","cp104_DIPcom_265_DIPcomH15/43_Har"
"17","267","A",9,5,7,"A_9_5_7","cp076_DIPcom_267_DIPcomH15/05_Har"
"18","268","A",10,5,7,"A_10_5_7","cp100_DIPcom_268_DIPcomH15/33_Har"
"19","269","A",10,5,7,"A_10_5_7","cp083_DIPcom_269_DIPcomH15/11_Har"
"20","270","A",10,5,7,"A_10_5_7","cp086_DIPcom_270_DIPcomH15/20_Har"
"21","271","A",10,5,7,"A_10_5_7","cp082_DIPcom_271_DIPcomH15/09_Har"
"22","272","A",10,5,7,"A_10_5_7","cp071_DIPcom_272_DIPcom5_ByF"
"23","279","A",10,5,7,"A_10_5_7","cp072_DIPcom_279_DIPcom6_ByF"
"24","280","G",7,4,4,"G_7_4_4","280_DIPcom_280_DIPcom_280_cpSSR_atpB-R_AKlahr_rc_edit_1.ab1"
"25","283","A",10,5,7,"A_10_5_7","283_DIPcom_283_Reanalyse_283-1_nonpurified_DIP_cp_atpB-R_rc_edit.scf"
"26","294","A",9,5,7,"A_9_5_7","cp073_DIPcom_294_DIPcomH15/02_Har"
"27","295","A",13,3,4,"A_13_3_4","cp074_DIPcom_295_DIPcomH15/03_Har"
"28","301","A",10,4,6,"A_10_4_6","301_DIPcom_301_Reanalyse_301_nonpurified_DIP_cp_atpB-R_rc_edit.scf"
"29","313","A",10,5,7,"A_10_5_7","cp105_DIPcom_313_DIPcomH15/44.1_Har"
"30","315","A",15,3,4,"A_15_3_4","cp118_DIPcom_315_DIPcomH15/44.5_Har"
"31","316","A",13,3,4,"A_13_3_4","cp120_DIPcom_316_DIPcomH15/44.7_Har"
"32","318","A",10,5,7,"A_10_5_7","cp119_DIPcom_318_DIPcomH15/44.6_Har"
"33","319","A",12,3,4,"A_12_3_4","cp115_DIPcom_319_DIPcomH15/44.2_Har"
"34","324","A",13,3,4,"A_13_3_4","324_DIPcom_324_DIPcom_324_cpSSR_atpB-R_AKlahr_rc_edit.scf"
"35","325","A",15,3,4,"A_15_3_4","cp075_DIPcom_325_DIPcomH15/04_Har"
"36","330","A",10,5,7,"A_10_5_7","330_DIPcom_330_DIPcom_330_cpSSR_atpB-R_AKlahr_rc_edit.scf"
"37","331","A",10,5,7,"A_10_5_7","cp099_DIPcom_331_DIPcomH15/32_Har"
"38","332","A",13,3,4,"A_13_3_4","cp103_DIPcom_332_DIPcomH15/38_Har"
"39","333","A",15,3,4,"A_15_3_4","cp102_DIPcom_333_DIPcomH15/36_Har"
"40","334","A",10,5,7,"A_10_5_7","cp124_DIPcom_334_DIPcomH15/48_Har"
"41","336","A",14,3,4,"A_14_3_4","cp123_DIPcom_336_DIPcomH15/46_Har"
"42","337","A",15,3,4,"A_15_3_4","cp096_DIPcom_337_DIPcomH15/26.6_Har"
"43","338","A",10,5,7,"A_10_5_7","cp095_DIPcom_338_DIPcomH15/26.5_Har"
"44","339","A",10,5,7,"A_10_5_7","cp094_DIPcom_339_DIPcomH15/26.4_Har"
"45","340","A",13,3,4,"A_13_3_4","cp093_DIPcom_340_DIPcomH15/26.3_Har"
"46","341","A",13,3,4,"A_13_3_4","cp092_DIPcom_341_DIPcomH15/26.2_Har"
"47","342","A",10,5,7,"A_10_5_7","cp091_DIPcom_342_DIPcomH15/26.1_Har"
"48","343","A",13,3,4,"A_13_3_4","cp116_DIPcom_343_DIPcomH15/44.3_Har"
"49","344","A",11,3,4,"A_11_3_4","cp117_DIPcom_344_DIPcomH15/44.4_Har"
"50","346","A",10,5,7,"A_10_5_7","cp121_DIPcom_346_DIPcomH15/44.8_Har"
"51","347","A",12,3,4,"A_12_3_4","cp122_DIPcom_347_DIPcomH15/44.9_Har"
"52","348","A",15,3,4,"A_15_3_4","cp106_DIPcom_348_DIPcomH15/44.10_Har"
"53","360","A",13,3,4,"A_13_3_4","cp107_DIPcom_360_DIPcomH15/44.11_Har"
"54","361","A",13,3,4,"A_13_3_4","cp108_DIPcom_361_DIPcomH15/44.12_Har"
"55","362","A",13,3,4,"A_13_3_4","cp109_DIPcom_362_DIPcomH15/44.13_Har"
"56","363","A",10,5,7,"A_10_5_7","cp110_DIPcom_363_DIPcomH15/44.14_Har"
"57","364","A",13,3,4,"A_13_3_4","cp111_DIPcom_364_DIPcomH15/44.15_Har"
"58","365","A",10,5,7,"A_10_5_7","cp112_DIPcom_365_DIPcomH15/44.16_Har"
"59","366","A",13,3,4,"A_13_3_4","cp113_DIPcom_366_DIPcomH15/44.17_Har"
"60","367","A",13,3,4,"A_13_3_4","cp114_DIPcom_367_DIPcomH15/44.18_Har"
"61","368","A",10,5,7,"A_10_5_7","cp097_DIPcom_368_DIPcomH15/27.1_Har"
"62","370","A",10,5,7,"A_10_5_7","cp098_DIPcom_370_DIPcomH15/27.2_Har"
"63","371","A",10,5,7,"A_10_5_7","cp089_DIPcom_371_DIPcomH15/21.3_Har"
"64","373","A",10,5,7,"A_10_5_7","cp088_DIPcom_373_DIPcomH15/21.2_Har"
"65","374","A",10,5,7,"A_10_5_7","cp087_DIPcom_374_DIPcomH15/21.1_Har"
"66","375","A",10,5,7,"A_10_5_7","cp081_DIPcom_375_DIPcomH15/07.5_Har"
"67","376","A",15,3,4,"A_15_3_4","cp080_DIPcom_376_DIPcomH15/07.4_Har"
"68","377","A",10,5,7,"A_10_5_7","cp079_DIPcom_377_DIPcomH15/07.3_Har"
"69","378","A",14,3,4,"A_14_3_4","cp078_DIPcom_378_DIPcomH15/07.2_Har"
"70","379","A",10,5,7,"A_10_5_7","cp077_DIPcom_379_DIPcomH15/07.1_Har"
"71","384","A",10,5,3,"A_10_5_3","384_DIPcom_384_01_Denali_A01_2016-07-05_1_edit"
"72","385","A",10,5,3,"A_10_5_3","385_DIPcom_385_03_Denali_B01_2016-07-05_1_rc_edit"
"73","386","A",10,5,3,"A_10_5_3","386_DIPcom_386_04_Denali_C01_2016-07-05_1_rc_edit"
"74","387","A",15,1,4,"A_15_1_4","387_DIPcom_387_05_Denali_D01_2016-07-05_1_rc_edit"
"75","388","A",10,5,3,"A_10_5_3","388_DIPcom_388_11_Denali_E01_2016-07-05_1_rc_edit"
"76","389","A",14,3,4,"A_14_3_4","389_DIPcom_389_13_Denali_F01_2016-07-05_1_rc_edit"
"77","390","A",8,5,3,"A_8_5_3","390_DIPcom_390_14_Denali_G01_2016-07-05_1_rc_edit"
"78","391","A",8,5,3,"A_8_5_3","391_DIPcom_391_16_Denali_H01_2016-07-05_1_rc_edit"
"79","392","A",14,3,4,"A_14_3_4","392_DIPcom_392_20_Denali_A02_2016-07-05_1_rc_edit"
"80","393","A",11,3,4,"A_11_3_4","393_DIPcom_393_21_Denali_B02_2016-07-05_1_rc_edit"
"81","394","A",11,3,4,"A_11_3_4","394_DIPcom_394_22_Denali_C02_2016-07-05_1_rc_edit"
"82","395","A",13,3,4,"A_13_3_4","395_DIPcom_395_91-020_repSeqPCR_F04_2016-07-07_1_rc_edit"
"83","396","A",14,5,3,"A_14_5_3","396_DIPcom_396_93-068_E02_2016-07-05_1_rc_edit"
"84","397","A",14,3,4,"A_14_3_4","397_DIPcom_397_93-064_F02_2016-07-05_1_rc_edit"
"85","420","A",14,3,4,"A_14_3_4","420_DIPcom_420_Slovenia_G03_2016-07-07_1_rc_edit"
"86","441","A",10,5,7,"A_10_5_7","441_DIPcom_441_P226284_cpSSR_atpBR_LHeiland_D01_2016-08-02_1_rc_edit"
"87","455","A",14,3,4,"A_14_3_4","455_DIPcom_455_cpSSR_atpBR_LHeiland_C02_2016-08-02_1_rc_edit"
"88","465","A",14,3,4,"A_14_3_4","465_DIPcom_465_SIB_cp-SSR_atpBR_AKlahr_A08_2016-10-05_1_rc_edit"
"89","499","A",10,5,7,"A_10_5_7","499_DIPcom_499_DIPcom4_Loc4_16-009_Lit2016_cp-SSR_C01_2016-12-07_1_rc_edit"
"90","501","A",10,5,7,"A_10_5_7","501_DIPcom_501_DIPcom7-1_Lit2016_cp-SSR_E01_2016-12-07_1_rc_edit"
"91","502","A",10,5,7,"A_10_5_7","502_DIPcom_502_7-2_young_Lit2016_cp-SSR_F01_2016-12-07_1_rc_edit"
"92","503","A",10,5,7,"A_10_5_7","503_DIPcom_503_7-3_Lit2016_cp-SSR_G01_2016-12-07_1_rc_edit"
"93","504","A",10,5,7,"A_10_5_7","504_DIPcom_504_DIPcom8_Loc8_16-011_Lit2016_cp-SSR_H01_2016-12-07_1_rc_edit"
"94","507","A",10,5,7,"A_10_5_7","507_DIPcom_507_DIPcom9_Loc9_16-012_Lit2016_cp-SSR_A02_2016-12-07_1_rc_edit"
"95","512","A",10,5,7,"A_10_5_7","512_DIPcom_512_DIPcom5b-1_Loc5b_Lit2016_cp-SSR_B02_2016-12-07_1_rc_edit"
"96","516","A",10,5,7,"A_10_5_7","516_DIPcom_516_DIPcom10-1_Loc10_Lit2016_cp-SSR_D02_2016-12-07_1_rc_edit"
"97","517","A",10,5,7,"A_10_5_7","517_DIPcom_517_DIPcom11-1_Lit2016_cp-SSR_E02_2016-12-07_1_rc_edit"
"98","518","A",10,5,7,"A_10_5_7","518_DIPcom_518_DIPcom11-2_Lit2016_cp-SSR_F02_2016-12-07_1_rc_edit"
"99","519","A",10,5,7,"A_10_5_7","519_DIPcom_519_DIPcom11-3_Lit2016_cp-SSR_G02_2016-12-07_1_rc_edit"
"100","520","A",10,5,7,"A_10_5_7","520_DIPcom_520_DIPcom5b-2_Loc5b_young_Lit2016_cp-SSR_H02_2016-12-07_1_rc_edit"
"101","521","A",10,5,7,"A_10_5_7","521_DIPcom_521_DIPcom5b-3_Loc5b_smallplant_Lit2016_cp-SSR_A03_2016-12-07_1_rc_edit"
"102","522","A",10,5,7,"A_10_5_7","522_DIPcom_522_DIPcom10-2_Loc10_young_Lit2016_cp-SSR_B03_2016-12-07_1_rc_edit"
"103","523","A",10,5,7,"A_10_5_7","523_DIPcom_523_DIPcom10-3_Loc10_young_Lit2016_cp-SSR_C03_2016-12-07_1_rc_edit"
"104","524","A",10,5,7,"A_10_5_7","524_DIPcom_524_DIPcom10-4_Loc10_Lit2016_cp-SSR_D03_2016-12-07_1_rc_edit"
"105","525","A",10,5,7,"A_10_5_7","525_DIPcom_525_DIPcom10-5_Loc10_young_Lit2016_cp-SSR_E03_2016-12-07_1_rc_edit"
"106","526","A",10,5,7,"A_10_5_7","526_DIPcom_526_DIPcom10-6_Loc10_young_Lit2016_cp-SSR_F03_2016-12-07_1_rc_edit"
"107","527","A",10,5,7,"A_10_5_7","527_DIPcom_527_DIPcom10-7_Loc10_Lit2016_cp-SSR_G03_2016-12-07_1_rc_edit"
"108","528","A",10,5,7,"A_10_5_7","528_DIPcom_528_DIPcom12_Loc12_16-014_Lit2016_cp-SSR_H03_2016-12-07_1_rc_edit"
"109","531","A",10,5,7,"A_10_5_7","531_DIPcom_531_DIPcom12a_Loc12_Lit2016_cp-SSR_C04_2016-12-07_1_rc_edit"
"110","542","A",10,5,7,"A_10_5_7","542_DIPcom_542_DIPcom18_Loc18_16-023_Lit2016_cp-SSR_F05_2016-12-07_1_rc_edit"
"111","545","A",10,5,7,"A_10_5_7","545_DIPcom_545_DIPcom21_Loc21_16-026_Lit2016_cp-SSR_A06_2016-12-07_1_rc_edit"
"112","546","A",10,5,7,"A_10_5_7","546_DIPcom_546_DIPcom22_Loc22_16-027_Lit2016_cp-SSR_B06_2016-12-07_1_rc_edit"
"113","548","G",7,4,4,"G_7_4_4","548_DIPcom_548_cf23_Loc23_16-028a_Lit2016_cp-SSR_D06_2016-12-07_1_rc_edit"
"114","550","A",10,5,7,"A_10_5_7","550_DIPcom_550_DIPcom24_Loc24_16-030_Lit2016_cp-SSR_F06_2016-12-07_1_rc_edit"
"115","552","A",10,5,7,"A_10_5_7","552_DIPcom_552_DIPcom26_Loc26_16-032_Lit2016_cp-SSR_H06_2016-12-07_1_rc_edit"
"116","555","A",10,5,7,"A_10_5_7","555_DIPcom_555_DIPcom5-1_Loc5_young_Lit2016_cp-SSR_C07_2016-12-08_1_rc_edit"
"117","556","A",10,5,7,"A_10_5_7","556_DIPcom_556_DIPcom5-2_Loc5_young_Lit2016_cp-SSR_D07_2016-12-08_1_rc_edit"
"118","557","A",10,5,7,"A_10_5_7","557_DIPcom_557_DIPcom5-3_Loc5_young_Lit2016_cp-SSR_E07_2016-12-08_1_rc_edit"
"119","558","A",10,5,7,"A_10_5_7","558_DIPcom_558_DIPcom5-4_Loc5_young_Lit2016_cp-SSR_F07_2016-12-08_1_rc_edit"
"120","560","A",10,5,7,"A_10_5_7","560_DIPcom_560_DIPcom5-6_Loc5_young_Lit2016_cp-SSR_G07_2016-12-08_1_rc_edit"
"121","561","A",10,5,7,"A_10_5_7","561_DIPcom_561_DIPcom5-7_Loc5_young_Lit2016_cp-SSR_H07_2016-12-08_1_rc_edit"
"122","562","A",10,5,7,"A_10_5_7","562_DIPcom_562_DIPcom5-8_Lit2016_cp-SSR_A08_2016-12-08_1_rc_edit"
"123","563","A",9,5,7,"A_9_5_7","563_DIPcom_563_DIPcom28_Lit2016_cp-SSR_B08_2016-12-08_1_rc_edit"
"124","564","A",10,5,7,"A_10_5_7","564_DIPcom_564_DIPcom29_Lit2016_cp-SSR_C08_2016-12-08_1_rc_edit"
"125","565","A",10,5,7,"A_10_5_7","565_DIPcom_565_DIPcom30_Lit2016_cp-SSR_D08_2016-12-08_1_rc_edit"
"126","567","A",13,3,4,"A_13_3_4","567_DIPcom_567_DIPcom31_Lit2016_cp-SSR_E08_2016-12-08_1_rc_edit"
"127","568","A",10,5,7,"A_10_5_7","568_DIPcom_568_DIPcom31a_Lit2016_cp-SSR_F08_2016-12-08_1_rc_edit"
"128","569","A",10,5,7,"A_10_5_7","569_DIPcom_569_DIPcom31b-1_Lit2016_cp-SSR_G08_2016-12-08_1_rc_edit"
"129","570","A",10,5,7,"A_10_5_7","570_DIPcom_570_DIPcom31b-2_Lit2016_cp-SSR_H08_2016-12-08_1_rc_edit"
"130","571","A",11,3,4,"A_11_3_4","571_DIPcom_571_DIPcom32_Lit2016_cp-SSR_A09_2016-12-08_1_rc_edit"
"131","572","A",9,5,7,"A_9_5_7","572_DIPcom_572_DIPcom32a_Lit2016_cp-SSR_B09_2016-12-08_1_rc_edit"
"132","573","A",10,5,7,"A_10_5_7","573_DIPcom_573_DIPcom33_Lit2016_cp-SSR_C09_2016-12-08_1_rc_edit"
"133","582","A",10,5,7,"A_10_5_7","582_DIPcom_582_DIPcom40_Lit2016_cp-SSR_A10_2016-12-08_1_rc_edit"
"134","583","A",10,5,7,"A_10_5_7","583_DIPcom_583_DIPcom40a-1_Lit2016_cp-SSR_B10_2016-12-08_1_rc_edit"
"135","584","A",10,5,7,"A_10_5_7","584_DIPcom_584_DIPcom40a-2_Lit2016_cp-SSR_C10_2016-12-08_1_rc_edit"
"136","599","A",10,5,7,"A_10_5_7","599_DIPcom_599_Lit17_DIPcom50_DIP_atpB-R_rc_edit.scf"
"137","600","A",10,5,7,"A_10_5_7","600_DIPcom_600_Lit17_DIPcom52_DIP_atpB-R_rc_edit.scf"
"138","601","A",14,3,4,"A_14_3_4","601_DIPcom_601_Lit17_DIPcom53_DIP_atpB-R_rc_edit.scf"
"139","602","A",10,5,7,"A_10_5_7","602_DIPcom_602_Lit17_DIPcom54_DIP_atpB-R_rc_edit.scf"
"140","603","A",10,5,7,"A_10_5_7","603_DIPcom_603_Lit17_DIPcom57_DIP_atpB-R_rc_edit.scf"
"141","604","A",10,5,7,"A_10_5_7","604_DIPcom_604_Lit17_DIPcom58_DIP_atpB-R_rc_edit.scf"
"142","606","A",10,5,7,"A_10_5_7","606_DIPcom_606_Lit17_DIPcom68_DIP_atpB-R_rc_edit.scf"
"143","607","A",14,3,4,"A_14_3_4","607_DIPcom_607_Lit17_DIPcom70_DIP_atpB-R_rc_edit.scf"
"144","608","A",14,3,4,"A_14_3_4","608_DIPcom_608_Lit17_DIPcom71_DIP_atpB-R_rc_edit.scf"
"145","609","A",10,5,7,"A_10_5_7","609_DIPcom_609_Lit17_DIPcom72_DIP_atpB-R_rc_edit.scf"
"146","610","A",10,5,7,"A_10_5_7","610_DIPcom_610_Lit17_DIPcom73_DIP_atpB-R_rc_edit.scf"
"147","611","A",10,5,7,"A_10_5_7","611_DIPcom_611_Lit17_DIPcom74_DIP_atpB-R_rc_edit.scf"
"148","612","A",10,5,7,"A_10_5_7","612_DIPcom_612_Lit17_DIPcom74a_DIP_atpB-R_rc_edit.scf"
"149","613","A",10,5,7,"A_10_5_7","613_DIPcom_613_Lit17_DIPcom75_DIP_atpB-R_rc_edit.scf"
"150","614","A",10,5,7,"A_10_5_7","614_DIPcom_614_Lit17_DIPcom76_DIP_atpB-R_rc_edit.scf"
"151","615","A",13,3,4,"A_13_3_4","615_DIPcom_615_Lit17_DIPcom77_DIP_atpB-R_rc_edit.scf"
"152","616","A",10,5,7,"A_10_5_7","616_DIPcom_616_Lit17_DIPcom78_DIP_atpB-R_rc_edit.scf"
"153","617","A",10,5,7,"A_10_5_7","617_DIPcom_617_Lit17_DIPcom79_DIP_atpB-R_rc_edit.scf"
"154","618","A",10,5,7,"A_10_5_7","618_DIPcom_618_Lit17_DIPcom80_DIP_atpB-R_rc_edit.scf"
"155","619","A",9,5,7,"A_9_5_7","619_DIPcom_619_Lit17_DIPcom81_DIP_atpB-R_rc_edit.scf"
"156","620","G",7,4,4,"G_7_4_4","620_DIPcom_620_Lit17_DIPcom82_DIP_atpB-R_rc_edit.scf"
"157","621","A",10,5,7,"A_10_5_7","621_DIPcom_621_Lit17_DIPcom83_DIP_atpB-R_rc_edit.scf"
"158","622","A",10,5,7,"A_10_5_7","622_DIPcom_622_Lit17_DIPcom84_DIP_atpB-R_rc_edit.scf"
"159","623","A",10,5,7,"A_10_5_7","623_DIPcom_623_Lit17_DIPcom85_DIP_atpB-R_rc_edit.scf"
"160","624","A",10,5,7,"A_10_5_7","624_DIPcom_624_Lit17_DIPcom86_DIP_atpB-R_rc_edit.scf"
"161","625","A",9,5,7,"A_9_5_7","625_DIPcom_625_Lit17_DIPcom87_DIP_atpB-R_rc_edit.scf"
"162","626","A",10,5,7,"A_10_5_7","626_DIPcom_626_Lit17_DIPcom88_DIP_atpB-R_rc_edit.scf"
"163","627","A",10,5,7,"A_10_5_7","627_DIPcom_627_Lit17_DIPcom89_DIP_atpB-R_rc_edit.scf"
"164","628","A",10,5,7,"A_10_5_7","628_DIPcom_628_Lit17_DIPcom90_DIP_atpB-R_rc_edit.scf"
"165","629","A",10,5,7,"A_10_5_7","629_DIPcom_629_Lit17_DIPcom91_DIP_atpB-R_rc_edit.scf"
"166","630","A",10,5,7,"A_10_5_7","630_DIPcom_630_Lit17_DIPcom92_DIP_atpB-R_rc_edit.scf"
"167","631","A",10,5,7,"A_10_5_7","631_DIPcom_631_Lit17_DIPcom94_DIP_atpB-R_rc_edit.scf"
"168","632","A",10,5,7,"A_10_5_7","632_DIPcom_632_Lit17_DIPcom97_DIP_atpB-R_rc_edit.scf"
"169","633","A",14,3,4,"A_14_3_4","633_DIPcom_633_Lit17_DIPcom98_DIP_atpB-R_rc_edit.scf"
"170","634","A",11,5,4,"A_11_5_4","634_DIPcom_634_Lit17_DIPcom99_DIP_atpB-R_rc_edit.scf"
"171","635","A",10,5,7,"A_10_5_7","635_DIPcom_635_Lit17_DIPcom100_DIP_atpB-R_rc_edit.scf"
"172","636","A",9,5,7,"A_9_5_7","636_DIPcom_636_Lit17_DIPcom101_DIP_atpB-R_rc_edit.scf"
"173","637","A",10,5,7,"A_10_5_7","637_DIPcom_637_Lit17_DIPcom105_DIP_atpB-R_rc_edit.scf"
"174","638","A",14,3,4,"A_14_3_4","638_DIPcom_638_Ala12_DIPcomH6_DIP_atpB-R_rc_edit.scf"
"175","639","A",11,3,4,"A_11_3_4","639_DIPcom_639_Ala12_DIPcomH7_DIP_atpB-R_rc_edit.scf"
"176","640","A",10,5,3,"A_10_5_3","640_DIPcom_640_Ala12_DIPcomH8_DIP_atpB-R_rc_edit.scf"
"177","641","A",12,3,4,"A_12_3_4","641_DIPcom_641_Ala12_DIPcomH9_DIP_atpB-R_rc_edit.scf"
"178","642","A",10,5,3,"A_10_5_3","642_DIPcom_642_Ala12_DIPcomT2_DIP_atpB-R_rc_edit.scf"
"179","643","A",10,5,3,"A_10_5_3","643_DIPcom_643_Ala12_DIPcomT6_DIP_atpB-R_rc_edit.scf"
"180","644","A",10,5,3,"A_10_5_3","644_DIPcom_644_Ala12_DIPcomT7_DIP_atpB-R_rc_edit.scf"
"181","645","A",14,3,4,"A_14_3_4","645_DIPcom_645_Ala12_DIPcomT8_DIP_atpB-R_rc_edit.scf"
"182","646","A",8,5,3,"A_8_5_3","646_DIPcom_646_Ala12_DIPcomT9_DIP_atpB-R_rc_edit.scf"
"183","648","A",14,3,4,"A_14_3_4","648_DIPcom_648_Ala12_DIPcomT12_DIP_atpB-R_rc_edit.scf"
"184","649","A",14,3,4,"A_14_3_4","649_DIPcom_649_Ala12_DIPcomT15_DIP_atpB-R_rc_edit.scf"
"185","650","A",10,5,3,"A_10_5_3","650_DIPcom_650_Ala12_DIPcomT17_DIP_atpB-R_rc_edit.scf"
"186","651","A",10,5,3,"A_10_5_3","651_DIPcom_651_Ala12_DIPcomT18_DIP_atpB-R_rc_edit.scf"
"187","652","A",10,5,3,"A_10_5_3","652_DIPcom_652_Ala12_DIPcomT19_DIP_atpB-R_rc_edit.scf"
"188","653","A",14,3,4,"A_14_3_4","653_DIPcom_653_Kam17_DIPcom38_DIP_atpB-R_rc_edit.scf"
"189","654","A",13,3,4,"A_13_3_4","654_DIPcom_654_Kam17_DIPcom39_DIP_atpB-R_rc_edit.scf"
"190","655","A",14,3,4,"A_14_3_4","655_DIPcom_655_Kam17_DIPcom40_DIP_atpB-R_rc_edit.scf"
"191","656","A",14,3,4,"A_14_3_4","656_DIPcom_656_Kam17_DIPcom85_DIP_atpB-R_rc_edit.scf"
"192","657","A",12,3,4,"A_12_3_4","657_DIPcom_657_Kam17_DIPcom86_DIP_atpB-R_rc_edit.scf"
"193","658","A",14,3,4,"A_14_3_4","658_DIPcom_658_Kam17_DIPcom87_DIP_atpB-R_rc_edit.scf"
"194","659","A",13,3,4,"A_13_3_4","659_DIPcom_659_Kam17_DIPcom88_DIP_atpB-R_rc_edit.scf"
"195","660","A",13,3,4,"A_13_3_4","660_DIPcom_660_Kam17_DIPcom89_DIP_atpB-R_rc_edit.scf"
"196","661","A",15,3,4,"A_15_3_4","661_DIPcom_661_Kam17_DIPcom90_DIP_atpB-R_rc_edit.scf"
"197","664","A",14,3,4,"A_14_3_4","664_DIPcom_664_Kam17_DIPcom93_DIP_atpB-R_rc_edit.scf"
"198","665","A",16,3,4,"A_16_3_4","665_DIPcom_665_Kam17_DIPcom94_DIP_atpB-R_rc_edit.scf"
"199","666","A",13,3,4,"A_13_3_4","666_DIPcom_666_Kam17_DIPcom95_DIP_atpB-R_rc_edit.scf"
"200","667","A",13,3,4,"A_13_3_4","667_DIPcom_667_Kam17_DIPcom96_DIP_atpB-R_rc_edit.scf"
"201","668","A",14,3,4,"A_14_3_4","668_DIPcom_668_Kam17_DIPcom97_DIP_atpB-R_rc_edit.scf"
"202","669","A",9,4,6,"A_9_4_6","669_DIPcom_669_Kam17_DIPcom98_DIP_atpB-R_rc_edit.scf"
"203","670","A",14,3,4,"A_14_3_4","670_DIPcom_670_Kam17_DIPcom99_DIP_atpB-R_rc_edit.scf"
"204","671","A",14,3,4,"A_14_3_4","671_DIPcom_671_Kam17_DIPcom100_DIP_atpB-R_rc_edit.scf"
"205","672","A",12,3,4,"A_12_3_4","672_DIPcom_672_Kam17_DIPcom101_DIP_atpB-R_rc_edit.scf"
"206","673","A",14,3,4,"A_14_3_4","673_DIPcom_673_Kam17_DIPcom102_DIP_atpB-R_rc_edit.scf"
"207","674","A",14,3,4,"A_14_3_4","674_DIPcom_674_Kam17_DIPcom103_DIP_atpB-R_rc_edit.scf"
"208","675","A",14,3,4,"A_14_3_4","675_DIPcom_675_Kam17_DIPcom104_DIP_atpB-R_rc_edit.scf"
"209","676","A",12,3,4,"A_12_3_4","676_DIPcom_676_Kam17_DIPcom105_DIP_atpB-R_rc_edit.scf"
"210","677","A",12,5,4,"A_12_5_4","677_DIPcom_677_Kam17_DIPcom107_DIP_atpB-R_rc_edit.scf"
"211","678","A",14,3,4,"A_14_3_4","678_DIPcom_678_Kam17_DIPcom108_DIP_atpB-R_rc_edit.scf"
"212","679","A",12,3,4,"A_12_3_4","679_DIPcom_679_Kam17_DIPcom109_DIP_atpB-R_rc_edit.scf"
"213","680","A",13,3,4,"A_13_3_4","680_DIPcom_680_Kam17_DIPcom110_DIP_atpB-R_rc_edit.scf"
"214","681","A",14,3,4,"A_14_3_4","681_DIPcom_681_Kam17_DIPcom111_DIP_atpB-R_rc_edit.scf"
"215","682","A",13,3,4,"A_13_3_4","682_DIPcom_682_Kam17_DIPcom112_DIP_atpB-R_rc_edit.scf"
"216","683","A",14,3,4,"A_14_3_4","683_DIPcom_683_Kam17_DIPcom113a_DIP_atpB-R_rc_edit.scf"
"217","684","A",13,3,4,"A_13_3_4","684_DIPcom_684_Kam17_DIPiss113b_DIP_atpB-R_rc_edit.scf"
"218","685","A",12,3,4,"A_12_3_4","685_DIPcom_685_Kam17_DIPcom115_DIP_atpB-R_rc_edit.scf"
"219","686","A",12,3,4,"A_12_3_4","686_DIPcom_686_Kam17_DIPcom116_DIP_atpB-R_rc_edit.scf"
"220","687","A",14,3,4,"A_14_3_4","687_DIPcom_687_Kam17_DIPcom117_DIP_atpB-R_rc_edit.scf"
"221","688","A",11,3,4,"A_11_3_4","688_DIPcom_688_Kam17_DIPcom118_DIP_atpB-R_rc_edit.scf"
"222","689","A",13,3,4,"A_13_3_4","689_DIPcom_689_Kam17_DIPcom134_DIP_atpB-R_rc_edit.scf"
"223","690","A",14,3,4,"A_14_3_4","690_DIPcom_690_Kam17_DIPcom146_DIP_atpB-R_rc_edit.scf"
"224","691","A",14,3,4,"A_14_3_4","691_DIPcom_691_Kam17_DIPcom154_DIP_atpB-R_rc_edit.scf"
"225","692","A",14,3,4,"A_14_3_4","692_DIPcom_692_Kam17_DIPcom166_DIP_atpB-R_rc_edit.scf"
"226","693","A",12,3,4,"A_12_3_4","693_DIPcom_693_Kam17_DIPcom168_DIP_atpB-R_rc_edit.scf"
"227","694","A",14,3,4,"A_14_3_4","694_DIPcom_694_Kam17_DIPcom169_DIP_atpB-R_rc_edit.scf"
"228","697","A",12,3,4,"A_12_3_4","697_DIPcom_697_Ural17_DIPcom_64-1-8_atpB-R_DIP_atpB-R_rc_edit.scf"
"229","701","A",13,3,4,"A_13_3_4","701_DIPcom_701_KamYa_DIPcom1a_atpB-R_DIP_atpB-R_rc_edit.scf"
"230","702","A",13,3,4,"A_13_3_4","702_DIPcom_702_KamYa_DIPcom1b_atpB-R_DIP_atpB-R_rc_edit.scf"
"231","703","A",13,3,4,"A_13_3_4","703_DIPcom_703_KamYa_DIPcom1c_atpB-R_DIP_atpB-R_rc_edit.scf"
"232","704","A",14,3,4,"A_14_3_4","704_DIPcom_704_KamYa_DIPcom1d_atpB-R_DIP_atpB-R_rc_edit.scf"
"233","705","A",14,3,4,"A_14_3_4","705_DIPcom_705_KamYa_DIPcom1e_atpB-R_DIP_atpB-R_rc_edit.scf"
"234","706","A",14,1,4,"A_14_1_4","706_DIPcom_706_KamYa_DIPcom1f_atpB-R_DIP_atpB-R_rc_edit.scf"
"235","707","A",11,3,4,"A_11_3_4","707_DIPcom_707_KamYa_DIPcom1g_atpB-R_DIP_atpB-R_rc_edit.scf"
"236","708","A",14,3,4,"A_14_3_4","708_DIPcom_708_KamYa_DIPcom1h_atpB-R_DIP_atpB-R_rc_edit.scf"
"237","709","A",13,3,4,"A_13_3_4","709_DIPcom_709_KamYa_DIPcom1i_atpB-R_DIP_atpB-R_rc_edit.scf"
"238","710","A",14,3,4,"A_14_3_4","710_DIPcom_710_KamYa_DIPcom1j_atpB-R_DIP_atpB-R_rc_edit.scf"
"239","711","A",11,3,4,"A_11_3_4","711_DIPcom_711_KamYa_DIPcom1k_atpB-R_DIP_atpB-R_rc_edit.scf"
"240","712","A",14,3,4,"A_14_3_4","712_DIPcom_712_KamYa_DIPcom1l_atpB-R_DIP_atpB-R_rc_edit.scf"
"241","713","A",14,1,4,"A_14_1_4","713_DIPcom_713_KamYa_DIPcom2_atpB-R_DIP_atpB-R_rc_edit.scf"
"242","714","A",13,3,4,"A_13_3_4","714_DIPcom_714_KamVy_DIPcom3_atpB-R_DIP_atpB-R_rc_edit.scf"
"243","715","A",16,3,4,"A_16_3_4","715_DIPcom_715_KamVy_DIPcom4_atpB-R_DIP_atpB-R_rc_edit.scf"
"244","716","A",13,3,4,"A_13_3_4","716_DIPcom_716_KamVy_DIPcom5_atpB-R_DIP_atpB-R_rc_edit.scf"
"245","717","A",13,3,4,"A_13_3_4","717_DIPcom_717_KamVy_DIPcom6_atpB-R_DIP_atpB-R_rc_edit.scf"
"246","718","A",10,5,7,"A_10_5_7","718_DIPcom_718_No_DIPcom1_atpB-R_DIP_atpB-R_rc_edit.scf"
"247","719","A",12,3,4,"A_12_3_4","719_DIPcom_719_Mow_DIPcom1_atpB-R_DIP_atpB-R_rc_edit.scf"
"248","720","A",10,5,7,"A_10_5_7","720_DIPcom_720_LE_DIPcom1_atpB-R_DIP_atpB-R_rc_edit.scf"
"249","734","A",12,3,4,"A_12_3_4","734_DIPcom_734_Kam_DIPcom_Bury13_atpB-R_DIP_atpB-R_rc_edit.scf"
"250","735","A",14,3,4,"A_14_3_4","735_DIPcom_735_Kam_DIPcom_Bury14_atpB-R_DIP_atpB-R_rc_edit.scf"
"251","736","A",14,3,4,"A_14_3_4","736_DIPcom_736_Kam_DIPcom_Bury15_atpB-R_DIP_atpB-R_rc_edit.scf"
"252","737","A",14,3,4,"A_14_3_4","737_DIPcom_737_Kam_DIPcom_Bury16_atpB-R_DIP_atpB-R_rc_edit.scf"
